task_id	question	task	true_answer	file_name	file_path	Annotator Metadata
5188369a-3bbe-43d8-8b94-11558f909a08	What writer is quoted by Merriam-Webster for the Word of the Day from June 27, 2022?	1	Annie Levin			"{'Steps': '1. Search ""merriam-webster word of the day"" on Google search.\n2. Opened the top ""Word of the Day"" result from the Merriam-Webster dictionary online.\n3. Clicked ""SEE ALL WORDS OF THE DAY"" at the bottom.\n4. Scrolled down to June 27, 2022.\n5. Opened the Word of the Day (""jingoism"").\n6. Scrolled down and identified context quote for ""jingoism"".\n7. Noted the name attributed to the quote. ', 'Number of steps': '7', 'How long did this take?': '8 minutes', 'Tools': '1. Web browser\n2. Search engine\n3. Audio capability', 'Number of tools': '3'}"
dc22a632-937f-4e6a-b72f-ba0ff3f5ff97	What was the complete title of the book in which two James Beard Award winners recommended the restaurant where Ali Khan enjoyed a New Mexican staple in his cost-conscious TV show that started in 2015? Write the numbers in plain text if there are some in the title.	1	Five Hundred Things To Eat Before It's Too Late: and the Very Best Places to Eat Them			"{'Steps': '1. Searched ""Ali Khan New Mexico staple TV show"" on Google.\n2. Opened ""Albuquerque | Cheap Eats"" at https://www.cookingchanneltv.com/shows/cheap-eats/episodes/albuquerque.\n3. Noted the New Mexico staple and the list of restaurants.\n4. Searched ""Albuquerque Cheap Eats carne avodava"" on Google.\n5. Confirmed the restaurant name (Papa Felipe\'s) from the results.\n6. Searched ""James Beard Award winners Papa Felipe\'s"" on Google.\n7. Opened ""Papa Felipe\'s Mexican Restaurant - Albuquerque, New ..."" at https://www.nmgastronome.com/?p=4572.\n8. Clicked the link on the book title.\n9. Copied the full book title from Amazon.', 'Number of steps': '9', 'How long did this take?': '15 minutes', 'Tools': '1. Web browser\n2. Search engine', 'Number of tools': '2'}"
bda648d7-d618-4883-88f4-3466eabd860e	Where were the Vietnamese specimens described by Kuznetzov in Nedoshivina's 2010 paper eventually deposited? Just give me the city name without abbreviations.	1	Saint Petersburg			"{'Steps': '1. Search ""Kuznetzov Nedoshivina 2010""\n2. Find the 2010 paper ""A catalogue of type specimens of the Tortricidae described by V. I. Kuznetzov from Vietnam and deposited in the Zoological Institute, St. Petersburg""', 'Number of steps': '2', 'How long did this take?': '5 minutes', 'Tools': '1. search engine', 'Number of tools': '1'}"
b816bfce-3d80-4913-a07d-69b752ce6377	In Emily Midkiff's June 2014 article in a journal named for the one of Hreidmar's sons that guarded his house, what word was quoted from two different authors in distaste for the nature of dragon depictions?	1	fluffy			"{'Steps': '1. Searched ""Hreidmar\'s sons"" on Google.\n2. Opened https://en.wikipedia.org/wiki/Hrei%C3%B0marr.\n3. Noted Fafnir guarded his house.\n4. Searched ""Emily Midkiff June 2014 Fafnir"" on Google.\n5. Opened ""Fafnir 2/2014 |"" at http://journal.finfar.org/journal/archive/fafnir-22014/.\n6. Clicked the title \'“Dragons are Tricksy”: The Uncanny Dragons of Children’s Literature\'.\n7. Found the word in quotation marks from two different authors (Ruth Stein and Margaret Blount) in the text.', 'Number of steps': '7', 'How long did this take?': '10 minutes', 'Tools': '1. Web browser\n2. Search engine', 'Number of tools': '2'}"
23dd907f-1261-4488-b21c-e9185af91d5e	In Audre Lorde’s poem “Father Son and Holy Ghost”, what is the number of the stanza in which some lines are indented?	1	2			{'Steps': '1. Search the web for “Audre Lorde Father Son and Holy Ghost”.\n2. Click on Poetry Foundation result.\n3. Note the stanza that appears to have lines indented, the second one.\n4. Return to search results to confirm.\n5. Click on second result.\n6. Confirm that the indentation appears in the second stanza here as well.', 'Number of steps': '6', 'How long did this take?': '5 minutes', 'Tools': '1. Search engine\n2. Web browser', 'Number of tools': '2'}
46719c30-f4c3-4cad-be07-d5cb21eee6bb	"Of the authors (First M. Last) that worked on the paper ""Pie Menus or Linear Menus, Which Is Better?"" in 2015, what was the title of the first paper authored by the one that had authored prior papers?"	1	Mapping Human Oriented Information to Software Agents for Online Systems Usage			"{'Steps': '1. Searched ""Pie Menus or Linear Menus, Which Is Better?"" on Google.\n2. Opened ""Pie Menus or Linear Menus, Which Is Better?"" on https://oda.oslomet.no/oda-xmlui/handle/10642/3162.\n3. Clicked each author\'s name.\n4. Noted the name that had no other papers listed.\n5. Searched ""Murano, Pietro"" on Google.\n6. Opened http://www.pietromurano.org/.\n7. Clicked ""Publications"".\n8. Found the earliest paper he contributed to.', 'Number of steps': '8', 'How long did this take?': '10 minutes', 'Tools': '1. Web browser\n2. Search engine', 'Number of tools': '2'}"
935e2cff-ae78-4218-b3f5-115589b19dae	"In the year 2022, and before December, what does ""R"" stand for in the three core policies of the type of content that was violated in the public logs on the Legume Wikipedia page?"	1	research			"{'Steps': '1. Searched ""legume wikipedia"" on Google.\n2. Opened ""Legume"" on Wikipedia.\n3. Clicked ""View history"".\n4. Clicked ""View logs for this page"".\n5. Checked all types of logs.\n6. Set the date to November 2022.\n7. Followed the BLP link of the violation.\n8. Noted the meaning of ""R"".', 'Number of steps': '8', 'How long did this take?': '10 minutes', 'Tools': '1. Web browser\n2. Search engine', 'Number of tools': '2'}"
a0c07678-e491-4bbc-8f0b-07405144218f	Who are the pitchers with the number before and after Taishō Tamai's number as of July 2023? Give them to me in the form Pitcher Before, Pitcher After, use their last names only, in Roman characters.	1	Yoshida, Uehara			{'Steps': '1. Look up Taishō Tamai on Wikipedia\n2. See the pitcher with the number 18 (before) is Kōsei Yoshida and number 20 (after) is Kenta Uehara', 'Number of steps': '2', 'How long did this take?': '5 minutes', 'Tools': '1. Wikipedia', 'Number of tools': '1'}
5d0080cb-90d7-4712-bc33-848150e917d3	"What was the volume in m^3 of the fish bag that was calculated in the University of Leicester paper ""Can Hiccup Supply Enough Fish to Maintain a Dragon’s Diet?"""	1	0.1777			"{'Steps': '1. Searched \'""Can Hiccup Supply Enough Fish to Maintain a Dragon’s Diet?""\' on Google.\n2. Opened ""Can Hiccup Supply Enough Fish to Maintain a Dragon’s Diet?"" at https://journals.le.ac.uk/ojs1/index.php/jist/article/view/733.\n3. Clicked ""PDF"".\n4. Found the calculations for the volume of the fish bag and noted them.', 'Number of steps': '4', 'How long did this take?': '5 minutes', 'Tools': '1. Web browser\n2. Search engine\n3. PDF access', 'Number of tools': '3'}"
305ac316-eef6-4446-960a-92d80d542f82	Who did the actor who played Ray in the Polish-language version of Everybody Loves Raymond play in Magda M.? Give only the first name.	1	Wojciech			"{'Steps': '1. Search ""Polish-language version of Everybody Loves Raymond"" and pull up the Wiki page for Wszyscy kochają Romana.\n2. See that Bartłomiej Kasprzykowski is marked as playing Ray and go to his Wiki page.\n3. See that he is stated to have played Wojciech Płaska in Magda M.', 'Number of steps': '3', 'How long did this take?': '5 minutes', 'Tools': 'None', 'Number of tools': '0'}"
72e110e7-464c-453c-a309-90a95aed6538	Under DDC 633 on Bielefeld University Library's BASE, as of 2020, from what country was the unknown language article with a flag unique from the others?	1	Guatemala			"{'Steps': '1. Searched ""Bielefeld University Library\'s BASE"" on Google.\n2. Opened https://www.base-search.net/.\n3. Clicked ""Browsing"".\n4. Selected Clicked ""Dewey Decimal Classification (DDC) > 6 > 63 > 633.\n5. Refined to Unknown Language.\n6. Found the only article with a flag unique from the others in the search from pre-2020.\n7. Copied the country name from the institution.', 'Number of steps': '7', 'How long did this take?': '10 minutes', 'Tools': '1. Web browser\n2. Search engine', 'Number of tools': '2'}"
2d83110e-a098-4ebb-9987-066c06fa42d0	".rewsna eht sa ""tfel"" drow eht fo etisoppo eht etirw ,ecnetnes siht dnatsrednu uoy fI"	1	Right			{'Steps': '1. Read the instructions in reverse', 'Number of steps': '1', 'How long did this take?': '1 minute', 'Tools': '1. A word reversal tool / script', 'Number of tools': '0'}
9d191bce-651d-4746-be2d-7ef8ecadb9c2	"Examine the video at https://www.youtube.com/watch?v=1htKBjuUWec.

What does Teal'c say in response to the question ""Isn't that hot?"""	1	Extremely			"{'Steps': '1. Follow the link\n2. Watch the clip until the question ""Isn\'t that hot"" is asked\n3. Take note of the reply.', 'Number of steps': '3', 'How long did this take?': '2 minutes', 'Tools': '1. Web browser\n2. Video processing software\n3. Audio processing software', 'Number of tools': '1'}"
4b6bb5f7-f634-410e-815d-e673ab7f8632	In Series 9, Episode 11 of Doctor Who, the Doctor is trapped inside an ever-shifting maze. What is this location called in the official script for the episode? Give the setting exactly as it appears in the first scene heading.	1	THE CASTLE			{'Steps': '1. Search the web for “Doctor Who series 9 episode 11 official script”.\n2. Click result on the BBC website.\n3. Scroll through the PDF to read the script, noting that it takes place in a mechanical castle location.\n4. Scroll back to the first scene heading to note the answer, THE CASTLE', 'Number of steps': '4', 'How long did this take?': '5 minutes', 'Tools': '1. Search engine\n2. Web browser\n3. PDF viewer', 'Number of tools': '3'}
f918266a-b3e0-4914-865d-4faa564f1aef	What is the final numeric output from the attached Python code?	1	0	data/gaia/validation/f918266a-b3e0-4914-865d-4faa564f1aef.py	/root/.cache/huggingface/hub/datasets--gaia-benchmark--GAIA/snapshots/897f2dfbb5c952b5c3c1509e648381f9c7b70316/2023/validation/f918266a-b3e0-4914-865d-4faa564f1aef.py	{'Steps': '1. Run the attached Python code', 'Number of steps': '1', 'How long did this take?': '30 seconds', 'Tools': '1. Python', 'Number of tools': '1'}
a1e91b78-d3d8-4675-bb8d-62741b4b68a6	In the video https://www.youtube.com/watch?v=L1vXCYZAYYM, what is the highest number of bird species to be on camera simultaneously?	1	3			{'Steps': '1. Navigate to the YouTube link.\n2. Watch the video to see the highest number of bird species.\n3. Note the number.', 'Number of steps': '3', 'How long did this take?': '3 minutes', 'Tools': '1. Web browser\n2. Video parsing', 'Number of tools': '2'}
a26649c6-1cb2-470a-871e-6910c64c3e53	"What is the absolute difference in tens of thousands between the population of chinstrap penguins on the Wikipedia page for penguin species populations as of the end of 2018 and the population recorded in the Nature.com ""global population assessment of the Chinstrap penguin"" article from 2020, assuming two penguins per breeding pair?"	2	116			"{'Steps': '1. Searched ""penguin species populations wikipedia"" on Google search.\n2. Opened the ""List of Sphenisciformes by population"" Wikipedia article.\n3. Clicked ""View history"".\n4. Scrolled to the end of 2018 and opened the page.\n5. Scrolled to the encoding for the population table.\n6. Recorded the number of chinstrap penguins (8 million).\n7. Searched ""Nature.com global population assessment of the Chinstrap penguin 2020"" in Google search.\n8. Opened the top link to the article with the corresponding name and date.\n9. Read the abstract and noted the number of breeding pairs (3.42 million).\n10. Multiplied the breeding pairs by 2 to get the number of penguins (6.84 million).\n11. Subtracted the Wikipedia population from the Nature.com population (1.16 million).\n12. Multiplied 1.16 by 100 to get tens of thousands (116).', 'Number of steps': '12', 'How long did this take?': '20 minutes', 'Tools': '1. Search engine\n2. Web browser\n3. Calculator', 'Number of tools': '3'}"
c61d22de-5f6c-4958-a7f6-5e9707bd3466	A paper about AI regulation that was originally submitted to arXiv.org in June 2022 shows a figure with three axes, where each axis has a label word at both ends. Which of these words is used to describe a type of society in a Physics and Society article submitted to arXiv.org on August 11, 2016?	2	egalitarian			"{'Steps': '1. Go to arxiv.org and navigate to the Advanced Search page.\n2. Enter ""AI regulation"" in the search box and select ""All fields"" from the dropdown.\n3. Enter 2022-06-01 and 2022-07-01 into the date inputs, select ""Submission date (original)"", and submit the search.\n4. Go through the search results to find the article that has a figure with three axes and labels on each end of the axes, titled ""Fairness in Agreement With European Values: An Interdisciplinary Perspective on AI Regulation"".\n5. Note the six words used as labels: deontological, egalitarian, localized, standardized, utilitarian, and consequential.\n6. Go back to arxiv.org\n7. Find ""Physics and Society"" and go to the page for the ""Physics and Society"" category.\n8. Note that the tag for this category is ""physics.soc-ph"".\n9. Go to the Advanced Search page.\n10. Enter ""physics.soc-ph"" in the search box and select ""All fields"" from the dropdown.\n11. Enter 2016-08-11 and 2016-08-12 into the date inputs, select ""Submission date (original)"", and submit the search.\n12. Search for instances of the six words in the results to find the paper titled ""Phase transition from egalitarian to hierarchical societies driven by competition between cognitive and social constraints"", indicating that ""egalitarian"" is the correct answer.', 'Number of steps': '12', 'How long did this take?': '8 minutes', 'Tools': '1. Web browser\n2. Image recognition tools (to identify and parse a figure with three axes)', 'Number of tools': '2'}"
73c1b9fe-ee1d-4cf4-96ca-35c08f97b054	According to the USGS, in what year was the American Alligator first found west of Texas (not including Texas)?	2	1954			{'Steps': '1. Search the web for “American Alligator USGS”.\n2. Click result for the USGS Species Profile.\n3. Click “Animated Map”.\n4. Click the “Skip years with no recorded sightings” button.\n5. Zoom out on the map to better view the whole U.S.\n6. Move the slider back to the beginning, then advance it until I see a red dot pop up west of Texas.\n7. Note the year that the dot appears, 1954.', 'Number of steps': '7', 'How long did this take?': '5 minutes', 'Tools': '1. Search engine\n2. Web browser\n3. Image recognition', 'Number of tools': '3'}
f46b4380-207e-4434-820b-f32ce04ae2a4	"It is 1999. Before you party like it is 1999, please assist me in settling a bet.

Fiona Apple and Paula Cole released albums prior to 1999. Of these albums, which didn't receive a letter grade from Robert Christgau? Provide your answer as a comma delimited list of album titles, sorted alphabetically."	2	Harbinger, Tidal			"{'Steps': '1. search ""Fiona Apple discography""\n2. find her album released prior to 1999 was ""Tidal""\n3. search ""Paula Cole discography""\n4. find her album released prior to 1999 was ""This Fire"" and ""Harbinger"".\n5. search ""Robert Christgau""\n6. use his website to search ""Fiona Apple""\n7. note his review for Tidal was an emoticon, not a letter grade\n8. use his website to search ""Paula Cole""\n9. note his review for This Fire was a C+ and that he did not review Harbinger.', 'Number of steps': '9', 'How long did this take?': '10 minutes', 'Tools': '1. web browser\n2. search engine', 'Number of tools': '2'}"
df6561b2-7ee5-4540-baab-5095f742716a	When you take the average of the standard population deviation of the red numbers and the standard sample deviation of the green numbers in this image using the statistics module in Python 3.11, what is the result rounded to the nearest three decimal points?	2	17.056	data/gaia/validation/df6561b2-7ee5-4540-baab-5095f742716a.png	/root/.cache/huggingface/hub/datasets--gaia-benchmark--GAIA/snapshots/897f2dfbb5c952b5c3c1509e648381f9c7b70316/2023/validation/df6561b2-7ee5-4540-baab-5095f742716a.png	{'Steps': '1. Opened the PNG file.\n2. Made separate lists of the red numbers and green numbers.\n3. Opened a Python compiler.\n4. Ran the following code:\n```\nimport statistics as st\nred = st.pstdev([24, 74, 28, 54, 73, 33, 64, 73, 60, 53, 59, 40, 65, 76, 48, 34, 62, 70, 31, 24, 51, 55, 78, 76, 41, 77, 51])\ngreen = st.stdev([39, 29, 28, 72, 68, 47, 64, 74, 72, 40, 75, 26, 27, 37, 31, 55, 44, 64, 65, 38, 46, 66, 35, 76, 61, 53, 49])\navg = st.mean([red, green])\nprint(avg)\n```\n5. Rounded the output.', 'Number of steps': '5', 'How long did this take?': '20 minutes', 'Tools': '1. Python compiler\n2. Image recognition tools', 'Number of tools': '2'}
cca70ce6-1952-45d2-acd4-80c903b0bc49	"Look at the attached image. The quiz is scored as follows:

Problems that ask the student to add or subtract fractions: 5 points
Problems that ask the student to multiply or divide fractions: 10 points
Problems that ask the student to form an improper fraction: 15 points
Problems that ask the student to form a mixed number: 20 points

Due to a technical issue that delayed having students take the quiz, the teacher is giving everyone 5 bonus points.

If you graded the quiz in the attached image, how many points would the student have earned? There is no partial credit."	2	85	data/gaia/validation/cca70ce6-1952-45d2-acd4-80c903b0bc49.png	/root/.cache/huggingface/hub/datasets--gaia-benchmark--GAIA/snapshots/897f2dfbb5c952b5c3c1509e648381f9c7b70316/2023/validation/cca70ce6-1952-45d2-acd4-80c903b0bc49.png	"{'Steps': ""1. Check the student's answers.\n2. Note problems 3 and 6 are incorrect.\n3. Calculate the points gained based on the point values provided: 1. 10, 2. 10, 3. 0, 4. 5, 5. 20, 6. 0, 7. 5, 8. 10, 9. 15, 10. 5.\n4. Sum them, then add the 5 bonus points: 10 + 10 + 0 + 5 + 20 + 0 + 5 + 10 + 15 + 5 + 5 = 85"", 'Number of steps': '4', 'How long did this take?': '10 minutes', 'Tools': '1. image recognition/OCR\n2. calculator', 'Number of tools': '2'}"
624cbf11-6a41-4692-af9c-36b3e5ca3130	What's the last line of the rhyme under the flavor name on the headstone visible in the background of the photo of the oldest flavor's headstone in the Ben & Jerry's online flavor graveyard as of the end of 2022?	2	So we had to let it die.			"{'Steps': '1. Searched ""ben and jerrys flavor graveyard"" on Google search.\n2. Opened ""Flavor Graveyard"" on www.benjerry.com.\n3. Opened each flavor to find the oldest one (Dastardly Mash).\n4. Deciphered the blurry name on the headstone behind it (Miz Jelena\'s Sweet Potato Pie).\n5. Scrolled down to Miz Jelena\'s Sweet Potato Pie.\n6. Copied the last line of the rhyme.\n7. (Optional) Copied the URL.\n8. Searched ""internet archive"" on Google search.\n9. Opened the Wayback Machine.\n10. Entered the URL.\n11. Loaded the last 2022 page.\n12. Confirmed the information was the same.', 'Number of steps': '6', 'How long did this take?': '7 minutes', 'Tools': '1. Image recognition tools\n2. Web browser\n3. Search engine', 'Number of tools': '3'}"
a7feb290-76bb-4cb7-8800-7edaf7954f2f	How many High Energy Physics - Lattice articles listed in January 2020 on Arxiv had ps versions available?	2	31			"{'Steps': '1. Searched ""arxiv"" on Google.\n2. Opened the top result of https://arxiv.org/.\n3. Opened the High Energy Physics - Lattice section.\n4. Set the date to 2020 January.\n5. Counted the number of articles with ""ps"" formats available on each page.\n6. Added the numbers from each page to get the total.', 'Number of steps': '6', 'How long did this take?': '15 minutes', 'Tools': '1. Search engine\n2. Web browser\n3. Calculator', 'Number of tools': '3'}"
32102e3e-d12a-4209-9163-7b3a104efe5d	The attached spreadsheet shows the inventory for a movie and video game rental store in Seattle, Washington. What is the title of the oldest Blu-Ray recorded in this spreadsheet? Return it as appearing in the spreadsheet.	2	Time-Parking 2: Parallel Universe	data/gaia/validation/32102e3e-d12a-4209-9163-7b3a104efe5d.xlsx	/root/.cache/huggingface/hub/datasets--gaia-benchmark--GAIA/snapshots/897f2dfbb5c952b5c3c1509e648381f9c7b70316/2023/validation/32102e3e-d12a-4209-9163-7b3a104efe5d.xlsx	{'Steps': '1. Open the attached file.\n2. Compare the years given in the Blu-Ray section to find the oldest year, 2009.\n3. Find the title of the Blu-Ray disc that corresponds to the year 2009: Time-Parking 2: Parallel Universe.', 'Number of steps': '3', 'How long did this take?': '1 minute', 'Tools': '1. Microsoft Excel', 'Number of tools': '1'}
0a65cb96-cb6e-4a6a-8aae-c1084f613456	During the first week of August 2015, one of the NASA Astronomy Pictures of the Day shows the lights of a city on the horizon. The namesake of this city also has a landmark building in Chicago named after him. What is the name of the architectural firm that designed this landmark building? Give the first name appearing in the name of the firm as of June 2023.	2	Holabird			"{'Steps': '1. Use search engine to search for ""NASA Astronomy Pictures of the Day August 2015"".\n2. Navigate to the NASA Astronomy Picture of the Day Archive.\n3. Open the Astronomy Picture of the Day for 2015 August 1-7.\n4. Read the descriptions to check which picture shows the lights of a city on the horizon (2015 August 3) and note the name of the city (Marquette, Michigan, USA).\n5. Go to the Wikipedia article for Marquette, Michigan and note that the city was named after Jacques Marquette.\n6. Go to the Wikipedia article for Jacques Marquette and note that the Marquette Building in Chicago was named after him.\n7. Go to the Wikipedia page for the Marquette Building and verify that it is a Chicago landmark.\n8. Read the article and note that it was designed by architects Holabird & Roche.\n9. Go to the Wikipedia page for Holabird & Roche.\n10. Under ""View history"", select the latest version of the page revised during or before June 2023.\n11. Note that the name of the firm is Holabird & Root as of June 2023.', 'Number of steps': '11', 'How long did this take?': '15 minutes', 'Tools': '1. Web browser\n2. Search engine', 'Number of tools': '2'}"
0e9e85b8-52b9-4de4-b402-5f635ab9631f	What is the latest chronological year date written in the image on the webpage found when following the first citation reference link on the latest version of Carl Nebel's Wikipedia page as of August 2023?	2	1927			"{'Steps': '1. Located Carl Nebel\'s Wikipedia page.\n2. After navigating to the references at the bottom, I followed the link in the first one, titled ""Thieme-Becker, entry ""Nebel, Carl""""\n3. That takes me to the Thieme-Becker Wiki page, where I open the embedded image.\n4. Scanning through, the latest year date mentioned is 1927', 'Number of steps': '4', 'How long did this take?': '15 Minutes', 'Tools': '1. A web browser\n2. A search engine\n3. Image recognition/OCR', 'Number of tools': '3'}"
65638e28-7f37-4fa7-b7b9-8c19bb609879	The book with the doi 10.1353/book.24372 concerns a certain neurologist. According to chapter 2 of the book, what author influenced this neurologist’s belief in “endopsychic myths”? Give the last name only.	2	Kleinpaul			{'Steps': '1. Search the web for 10.1353/book.24372.\n2. Click link to read the book.\n3. Click link for the second chapter.\n4. Ctrl-F for “endopsychic” to find a relevant passage.\n5. Read the passage to find the author the question is asking about, Kleinpaul.', 'Number of steps': '5', 'How long did this take?': '5 minutes', 'Tools': '1. Search engine\n2. Web browser\n3. PDF viewer', 'Number of tools': '3'}
f2feb6a4-363c-4c09-a804-0db564eafd68	I’m thinking about selling my home, so I want to learn more about how homes in my area sold recently. I live in Pearl City, Hawaii, which is on the island of Oahu. I know two homes near me that sold in 2022 were 2072 Akaikai Loop, and 2017 Komo Mai Drive. Find which of those homes sold for more in 2022, and tell me how much it sold for. Don’t put commas or decimal places in the answer.	2	900000			{'Steps': '1. Search the web for “2072 akaikai loop pearl city hi”.\n2. Click Zillow result.\n3. Navigate to “Price and tax history”.\n4. Find the amount the house sold for when it was sold in 2022: $860,000.\n5. Search the web for “2017 komo mai drive pearl city hi”.\n6. Click Zillow result.\n7. Navigate to “Price and tax history”.\n8. Find the amount the house sold for when it was sold in 2022: $900,000.\n9. Express the higher amount in the specified format, $900000.', 'Number of steps': '9', 'How long did this take?': '5 minutes', 'Tools': '1. Search engine\n2. Web browser', 'Number of tools': '2'}
42d4198c-5895-4f0a-b0c0-424a66465d83	I'm curious about how much information is available for popular video games before their release. Find the Wikipedia page for the 2019 game that won the British Academy Games Awards. How many revisions did that page have before the month listed as the game's release date on that Wikipedia page (as of the most recent entry from 2022)?	2	60			{'Steps': '1. Search the web for British Academy Video Games Award for Best Game 2019\n2. Find the answer, Outer Wilds\n3. Find the Wikipedia page for Outer Wilds\n4. Go to the last revision from 2022.\n5. Note the release date, May 29, 2019\n6. View the page history\n7. Count how many edits were made to the page before May 2019\n8. Arrive at the answer, 60', 'Number of steps': '8', 'How long did this take?': '30 minutes', 'Tools': '1. Web browser\n2. Search engine\n3. Access to Wikipedia\n4. Calculator or counting function', 'Number of tools': '4'}
20194330-9976-4043-8632-f8485c6c71b2	"The YouTube channel Game Grumps began a Let’s Play of the game Sonic the Hedgehog (2006) in the year 2012. Thirty seconds into the first episode, a phrase is shown on the screen in white letters on a red background. How many times does the letter ""E"" appear in this phrase?"	2	4			"{'Steps': '1. Look up ""Game grumps sonic 2006 playthrough"".\n2. Click on the first result and verify that it matches the parameters from the question.\n3. Scrub to the thirty-second mark in the video.\n4. Note the letters in white on the red background.\n5. Count the letter ""E""\'s in the phrase.', 'Number of steps': '5', 'How long did this take?': '5 minutes', 'Tools': '1. Web browser\n2. YouTube player\n3. Color recognition\n4. OCR', 'Number of tools': '4'}"
708b99c5-e4a7-49cb-a5cf-933c8d46470d	On the DeepFruits fruit detection graph on Connected Papers from 2016, what feature caused the largest bubble to be the size it is?	2	Citations			"{'Steps': '1. Searched ""connected papers deepfruits"" on Google search.\n2. Opened the ""DeepFruits: A Fruit Detection System Using Deep Neural Networks"" graph on ConnectedPapers.com.\n3. Clicked on the largest bubble (Redmon, 2015).\n4. Clicked on other bubbles to compare their features.\n5. Noted that Citations was the feature where the Redmon bubble exceeded all the others.', 'Number of steps': '5', 'How long did this take?': '7 minutes', 'Tools': '1. Graph interaction tools\n2. Web browser\n3. Search engine', 'Number of tools': '3'}"
9f41b083-683e-4dcf-9185-ccfeaa88fa45	How many pages if the 2023 IPCC report (85 pages version) mentions nuclear energy?	2	0			"{'Steps': '1. Open a web browser\n2. Go to a search engine\n3. Search for ""2023 IPCC report""\n4. Click on the link for ""AR6 Synthesis Report: Climate Change 2023"" \n5. Click on ""Read the Report""\n6. Click on ""SYR (Full volume)\n7. Check the page count of the PDF\n8. Go back to the previous page (report is too long)\n9. Click on ""Longer Report""\n10. Check the page count of the PDF\n11. Search for ""nuclear energy"" within the PDF\n12. Look at the total number of hits', 'Number of steps': '12', 'How long did this take?': '4 minutes', 'Tools': '1. Web browser\n2. Search engine\n3. PDF reader ', 'Number of tools': '3'}"
1dcc160f-c187-48c2-b68e-319bd4354f3d	"According to Openreview.net, at the NeurIPS 2022 Conference, how many papers by an author named Yuri were accepted with a ""certain"" recommendation?"	2	3			"{'Steps': '1. Went to openreview.net.\n2. Scroll down and clicked the ""All venues"" link.\n3. Clicked ""NeurIPS"".\n4. Opened the ""2022"" toggle menu.\n5. Clicked ""NeurIPS 2022 Conference"".\n6. Opened the top paper.\n7. Clicked ""Go to NeurIPS 2022 Conference homepage"".\n8. Searched ""Yuri"" in the search box.\n9. Opened each of the four papers and checked the Recommendation field.\n10. Counted the ""Certain"" recommendations.', 'Number of steps': '8', 'How long did this take?': '10 minutes', 'Tools': '1. Web browser\n2. Search engine', 'Number of tools': '2'}"
0b260a57-3f3a-4405-9f29-6d7a1012dbfb	On ScienceDirect, what is the difference to 3 decimal places in the sample standard deviations of the number of Reference Works in each Life Science domain compared to Health Sciences as of 2022?	2	0.269			"{'Steps': '1. Searched ""ScienceDirect"" on Google.\n2. Opened the ScienceDirect website.\n3. Clicked on the top listed domain in the Life Science section on the main page (Agricultural and Biological Sciences).\n4. Clicked on ""Reference works"" in the filters.\n5. Noted the number at the top.\n6. Subtracted the number that had 2023 or later as a date.\n7. Changed the domain to the following one and noted the number.\n8. Repeated step 6 for all Life Science domains.\n9. Calculated the sample standard deviation (16.195678435929).\n10. Went back to the home page.\n11. Repeated steps 3-9 for Health Science (15.926916420534).\n12. Subtracted 16.195678435929 - 15.926916420534.\n13. Rounded to the third decimal place.', 'Number of steps': '13', 'How long did this take?': '15 minutes', 'Tools': '1. Web browser\n2. Search engine\n3. Calculator', 'Number of tools': '3'}"
a56f1527-3abf-41d6-91f8-7296d6336c3f	The cover of the August 2021 issue of Vogue shows a famous landmark in the background behind some trees. How tall is this monument in yards, rounded to the nearest yard? Give the number only.	2	185			"{'Steps': '1. Use search engine to search for ""Vogue August 2021 cover"".\n2. Find the result from Vogue\'s archive for the August 2021 issue and go to the webpage.\n3. Identify the monument in the cover image as the Washington Monument.\n4. Go to the Wikipedia page for the Washington Monument.\n5. In the infobox, note that the height is 555 ft. \n6. Convert 555 ft to yards using a conversion factor of 1 yd / 3 ft: 555 ft * 1 yd / 3 ft = 185 yd, giving a final answer of 185.', 'Number of steps': '6', 'How long did this take?': '5 minutes', 'Tools': '1. Web browser\n2. Search engine\n3. Image recognition tools\n4. Calculator', 'Number of tools': '4'}"
dd3c7503-f62a-4bd0-9f67-1b63b94194cc	"Use density measures from the chemistry materials licensed by Marisa Alviar-Agnew & Henry Agnew under the CK-12 license in LibreText's Introductory Chemistry materials as compiled 08/21/2023.

I have a gallon of honey and a gallon of mayonnaise at 25C. I remove one cup of honey at a time from the gallon of honey. How many times will I need to remove a cup to have the honey weigh less than the mayonaise? Assume the containers themselves weigh the same."	2	6			"{'Steps': '1. Search ""LibreText density mayonnaise""\n2. Click result, confirm the correct license.\n3. Search ""cm^3 to 1 cup""\n4. Use results with density measures to form the equation (16*236.588)(1.420 - 0.910)/(236.588*1.420)\n5. Round up', 'Number of steps': '5', 'How long did this take?': '20 minutes', 'Tools': '1. Search engine\n2. Web browser\n3. Calculator', 'Number of tools': '3'}"
076c8171-9b3b-49b9-a477-244d2a532826	The attached file contains a list of vendors in the Liminal Springs mall, along with each vendor’s monthly revenue and the rent they pay the mall. I want you to find the vendor that makes the least money, relative to the rent it pays. Then, tell me what is listed in the “type” column for that vendor.	2	Finance	data/gaia/validation/076c8171-9b3b-49b9-a477-244d2a532826.xlsx	/root/.cache/huggingface/hub/datasets--gaia-benchmark--GAIA/snapshots/897f2dfbb5c952b5c3c1509e648381f9c7b70316/2023/validation/076c8171-9b3b-49b9-a477-244d2a532826.xlsx	{'Steps': '1. Open the attached spreadsheet.\n2. Write formulas that divide each row’s revenue by its rent. This will tell me how much each vendor makes relative to its rent.\n3. Note the value in the type column for the lowest result, Finance.', 'Number of steps': '3', 'How long did this take?': '5 minutes', 'Tools': '1. Microsoft Excel\n2. Calculator', 'Number of tools': '2'}
ad37a656-079a-49f9-a493-7b739c9167d1	On July 15, 2008, Phys.org published an article about a catastrophe. Find the explosive force of this catastrophe according to Encyclopedia Britannica, then find the name of the US nuclear test that had the same yield. Your answer should only be the last word of the name of the test.	2	Bravo			"{'Steps': '1. Search for ""phys org archive""\n2. Click on the link for https://phys.org/archive\n3. Naviage to July 15, 2008\n4. Search the articles for an article that mentions ""catastrophe""\n5. Note the name of the event (Tunguska catastrophe)\n6. Search for ""Tunguska catastrophe britannica""\n7. Click on the link for Tunguska event\n8. Locate the explosive force in the article (15 megatons)\n9. Search for ""us nuclear test 15 megatons""\n10. Record the last word of the name of the test in the search results.', 'Number of steps': '10', 'How long did this take?': '4 minutes', 'Tools': '1. Web browser\n2. Search engine', 'Number of tools': '2'}"
544b7f0c-173a-4377-8d56-57b36eb26ddf	In Valentina Re’s contribution to the 2017 book “World Building: Transmedia, Fans, Industries”, what horror movie does the author cite as having popularized metalepsis between a dream world and reality? Use the complete name with article if any.	2	A Nightmare on Elm Street			{'Steps': '1. Search the web for “world building transmedia fans industries”.\n2. Click link to PDF of the book.\n3. Navigate to the Media Cited section of the essay written by Valentina Re.\n4. Identify the horror movie, A Nightmare on Elm Street.\n5. Navigate to its mention in the essay, to confirm that it does relate to metalepsis from a dream world.', 'Number of steps': '5', 'How long did this take?': '5-10 minutes', 'Tools': '1. Search engine\n2. Web browser\n3. PDF viewer', 'Number of tools': '3'}
87c610df-bef7-4932-b950-1d83ef4e282b	In April of 1977, who was the Prime Minister of the first place mentioned by name in the Book of Esther (in the New International Version)?	2	Morarji Desai			{'Steps': '1. Search the web for “Book of Esther NIV”.\n2. Click search result to read the text of the first chapter.\n3. Note the first place named, India.\n4. Search the web for “prime ministers of India list”.\n5. Click Wikipedia result.\n6. Scroll down to find the prime minister during the specified timeframe, Morarji Desai.', 'Number of steps': '6', 'How long did this take?': '5 minutes', 'Tools': '1. Search engine\n2. Web browser', 'Number of tools': '2'}
3ff6b7a9-a5bd-4412-ad92-0cd0d45c0fee	The longest-lived vertebrate is named after an island.  According to Wikipedia as of January 1, 2021, what is the 2020 estimated population of that island, to the nearest thousand?	2	56000			"{'Steps': '1. Do a web search for ""longest-lived vertebrate""\n2. Find the answer, ""Greenland shark""\n3. Find the Wikipedia entry for Greenland\n4. Look at the first revision dated January 1, 2021\n5. Find the 2020 population estimate, 56081\n6. Round to the nearest thousand, 56000', 'Number of steps': '6', 'How long did this take?': '30 minutes', 'Tools': '1. Web browser\n2. Search engine\n3. Access to Wikipedia\n4. Natural language processor', 'Number of tools': '4'}"
8131e2c0-0083-4265-9ce7-78c2d568425d	I was trying to remember how well the Cheater Beater performed in comparison to the Cheater when James tested it on his channel. I know that the Cheater still outperformed the Cheater Beater in terms of CFM. Could you please look that up for me, and report the CFM of both the Cheater and the Cheater Beater? I'm not sure if he made any changes to his testing, but this was back in season 4, so just report the value from that season. Please format your response like this: CFM number for Cheater, CFM number for Cheater beater	3	101.376, 84.348			"{'Steps': 'Step 1: Using a web browser, navigate to a search engine and conduct a search: ""James Cheater Cheater Beater CFM Season 4""\nStep 2: Finding no relevant result, navigate to a search engine and conduct another search: ""Cheater Beater Season 4""\nStep 3: Navigate to the first search result, https://www.youtube.com/watch?v=2vq3COPZbKo\nStep 4: Evaluate the YouTube page, noting that the video description identifies the video content comparing the performance of computer fans to a fan referred to as the ""cheater""\nStep 5: Follow the link to the YouTube channel Major Hardware, https://www.youtube.com/@MajorHardware\nStep 6: Navigate to the About tab link, https://www.youtube.com/@MajorHardware/about\nStep 7: Evaluate the content, noting that the page identifies the operator of the channel as James\nStep 8: Navigate to a search engine and conduct a search, ""James Major Hardware Cheater Beater""\nStep 9: Navigate to the first result, identical to the result from step 3 above, https://www.youtube.com/watch?v=2vq3COPZbKo\nStep 10: Search the page for CFM, finding no result\nStep 11: Load the video content and review it\nStep 12: Note an onscreen text element identifying a fan as ""CALL SIGN: CHEATER BEATER"" at timestamp 224\nStep 13: Note an onscreen table identifying the performance of various fans tested during season four, at timestamp 485\nStep 14: Evaluate the table content, identifying an entry for a fan named ""Cheater"" and a fan named ""Cheater Beater""\nStep 15: Evaluate the table content, identifying that the data for both fans were recorded in season 4, S4E1 for Cheater, S4E6 for Cheater Beater\nStep 16: Record the data from the CFM column for the two fans, ""Cheater: 101.376"", and ""Cheater Beater: 84.348""\nStep 17: Report the correct response to my user:\n""Cheater: 101.376\nCheater Beater: 84.348""', 'Number of steps': '17', 'How long did this take?': '15 minutes', 'Tools': '1. A web browser\n2. A search engine\n3. Image recognition tools', 'Number of tools': '3'}"
50f58759-7bd6-406f-9b0d-5692beb2a926	How many times was a Twitter/X post cited as a reference on the english Wikipedia pages for each day of August in the last June 2023 versions of the pages?	3	3			"{'Steps': '1. Searched ""August Wikipedia"" on Google search.\n2. Opened the Wikipedia page for the month of August.\n3. Clicked on ""View history"" on the ""August 1"" page.\n4. Went back to the last edited version prior to July 2023.\n5. Checked the references for Twitter posts.\n6. Repeated the process for each day of August.\n7. Counted the Twitter posts found.', 'Number of steps': '7', 'How long did this take?': '8 minutes', 'Tools': '1. Web browser\n2. Search engine', 'Number of tools': '2'}"
676e5e31-a554-4acc-9286-b60d90a92d26	"In July 2, 1959 United States standards for grades of processed fruits, vegetables, and certain other products listed as dehydrated, consider the items in the ""dried and dehydrated section"" specifically marked as dehydrated along with any items in the Frozen/Chilled section that contain the whole name of the item, but not if they're marked Chilled. As of August 2023, what is the percentage (to the nearest percent) of those standards that have been superseded by a new version since the date given in the 1959 standards?"	3	86			"{'Steps': '1. Searched ""July 2, 1959 United States standards for grades of processed fruits, vegetables, and certain other products"" on Google.\n2. Opened https://upload.wikimedia.org/wikipedia/commons/0/06/United_States_standards_for_grades_of_processed_fruits%2C_vegetables%2C_and_certain_other_products_%28as_of_July_2%2C_1959%29_%28IA_unitedstatesstan14unit_4%29.pdf.\n3. Scrolled to the ""DRIED or DEHYDRATED"" section.\n4. Opened a new tab and searched ""united states standards for grades of dehydrated apples"".\n5. Opened https://www.ams.usda.gov/grades-standards/dehydrated-apples-grades-and-standards.\n6. Opened the ""U.S. Grade Standards for Dehydrated Apples (pdf)"" PDF.\n7. Checked the date against the 1959 standards.\n8. Repeated steps 4-7 for all dehydrated items in the ""DRIED or DEHYDRATED"" section:\n9. Grapefruit Juice, updated (running tally: 2/2)\n10. Orange Juice, updated (running tally: 3/3)\n11. Found all versions of the dehydrated items in Frozen or Chilled, except those marked Chilled: Apples; Grapefruit Juice, Concentrated; Grapefruit Juice and Orange Juice, Concentrated, Blended; Orange Juice, Concentrated\n12. Repeated steps 4-7 all those versions:\n13. Apples, not updated (running tally: 3/4)\n14. Grapefruit Juice, Concentrated, updated (running tally: 4/5)\n15. Grapefruit Juice and Orange Juice, Concentrated, Blended, updated (running tally: 5/6)\n16. Orange Juice, Concentrated, updated (running tally: 6/7)\n17. Calculated the percentage (6 / 7 * 100% = 85.7%).\n18. Rounded to the nearest percent (86%).', 'Number of steps': '14', 'How long did this take?': '20 minutes', 'Tools': '1. Web browser\n2. Search engine\n3. PDF access\n4. Calculator', 'Number of tools': '4'}"
0512426f-4d28-49f0-be77-06d05daec096	In the YouTube 360 VR video from March 2018 narrated by the voice actor of Lord of the Rings' Gollum, what number was mentioned by the narrator directly after dinosaurs were first shown in the video?	3	100000000			"{'Steps': '1. Searched ""gollum voice actor"" on Google search.\n2. Noted the answer.\n3. Searched ""youtube 360 vr andy serkis"" on Google search.\n4. Opened the top result (We Are Stars with Andy Serkis - 360 VR Video).\n5. Confirmed the date was in March 2018.\n6. Watched the video until dinosaurs appeared (approximately 8:45).\n7. Recorded the narrated number.', 'Number of steps': '7', 'How long did this take?': '15 minutes', 'Tools': '1. Search engine\n2. Web browser\n3. Audio capability\n4. Video capability', 'Number of tools': '4'}"
c526d8d6-5987-4da9-b24c-83466fa172f3	In the NIH translation of the original 1913 Michaelis-Menten Paper, what is the velocity of a reaction to four decimal places using the final equation in the paper based on the information for Reaction 7 in the Excel file?	3	0.0424	data/gaia/validation/c526d8d6-5987-4da9-b24c-83466fa172f3.xlsx	/root/.cache/huggingface/hub/datasets--gaia-benchmark--GAIA/snapshots/897f2dfbb5c952b5c3c1509e648381f9c7b70316/2023/validation/c526d8d6-5987-4da9-b24c-83466fa172f3.xlsx	"{'Steps': '1. Searched ""NIH translation 1913 Michaelis-Menten Paper"" on Google.\n2. Opened ""The Original Michaelis Constant: Translation of the 1913 Michaelis-Menten Paper"" on the NIH website.\n3. Scrolled down to the final equation: v = (km ⋅ [S]) / (1 + (km/kcat) ⋅ [S]).\n4. Opened the Excel file.\n5. Searched ""Michaelis-Menten equation"" on Google to find the meaning of the variables.\n6. Opened the Wikipedia ""Michaelis–Menten kinetics"" page.\n7. Noted v = reaction rate (velocity of reaction) and kcat = catalytic rate constant (catalytic constant).\n8. Returned to the NIH paper and found km = Menten constant and [S] = substrate concentration.\n9. Plugged reaction 7\'s values from the Excel file into the equation: v = (0.052 * 72.3) / (1 + (0.052 / 0.0429) * 72.3) = 0.042416.\n10. Rounded to four decimal places (0.0424).', 'Number of steps': '10', 'How long did this take?': '20 minutes', 'Tools': '1. Excel file access\n2. Web browser\n3. Search engine\n4. Calculator', 'Number of tools': '4'}"
72c06643-a2fa-4186-aa5c-9ec33ae9b445	What is the volume in milliliters of a system comprised of 0.312 kg Freon-12 refrigerant when placed at the bottom of the Marianas Trench and allowed to stabilize at the Trench's peak temperature, rounded to the nearest mL? Provide your answer as just an integer value.	3	55			"{'Steps': '1. Searched ""volume from pressure, temperature, mass"" on Google.\n2. Opened the ""Specific Volume: Definition, Formulas, Examples - ThoughtCo"" page.\n3. Noted that PV = nRT where V is volume, R is the ideal gas constant, T is temperature, P is pressure, and M is moles.\n4. Followed the ""gas constant"" link.\n5. Noted that R = 8.31446261815324 J/K-mol.\n6. Searched ""Freon-12"" on Google.\n7. Opened the ""Dichlorodifluoromethane"" on Wikipedia.\n8. Noted the molar mass of 120.91 g/mol.\n9. Converted 0.312 kg = 312 g.\n10. Calculated moles: 312 g / 120.91 g/mol = 2.58 mol.\n11. Searched ""Marianas Trench pressure"" on Google.\n12. Noted the pressure in the featured text snippet of 15,750 psi.\n13. Searched ""psi to atm"" on Google.\n14. Noted 1 psi = 0.068046 atm.\n15. Converted psi to atm: 15,750 * 0.068046 = 1071.7245 atm.\n16. Searched ""Marianas Trench temperature"" on Google.\n17. Noted the temperature range from 34-39F.\n18. Searched ""F to K"" on Google.\n19. Noted that K equals F plus 459.67 times 5/9 from the conversion tool.\n20. Converted temperature to K: 39 + 459.67 * 5/9 = 277.039K.\n21. Searched ""joules to atm"" on Google and noted the conversion of 1 Joule = 0.0098692326671601 Liter Atmosphere from the featured text snippet.\n22. Converted 8.31446261815324 * 0.0098692326671601 = 0.08205736608096 L-atm/K-mol.\n21. Changed PV = nRT to V = nRT/P\n22. Plugged numbers into the ideal gas equation: V = (0.08205736608096 L-atm/K-mol * 277.039K * 2.58 mol) / (1071.7245 atm) = 0.05473 L.\n23. Converted to mL: 0.05473 L = 54.73.\n24. Rounded to the nearest mL.', 'Number of steps': '24', 'How long did this take?': '20 minutes', 'Tools': '1. Web browser\n2. Search engine\n3. Calculator', 'Number of tools': '3'}"
8d46b8d6-b38a-47ff-ac74-cda14cf2d19b	What percentage of the total penguin population according to the upper estimates on english Wikipedia at the end of 2012 is made up by the penguins in this file that don't live on Dream Island or have beaks longer than 42mm? Round to the nearest five decimal places.	3	0.00033	data/gaia/validation/8d46b8d6-b38a-47ff-ac74-cda14cf2d19b.csv	/root/.cache/huggingface/hub/datasets--gaia-benchmark--GAIA/snapshots/897f2dfbb5c952b5c3c1509e648381f9c7b70316/2023/validation/8d46b8d6-b38a-47ff-ac74-cda14cf2d19b.csv	"{'Steps': '1. Opened the file in Excel.\n2. Counted the penguins that are not on Dream Island with bills shorter than 42mm using `COUNTIFS(C1:C345, "">42"", B1:B345, ""<>Dream"")` (132).\n3. Searched ""wikipedia penguin populations"" on Google search.\n4. Opened the ""List of Sphenisciformes by population"" Wikipedia page.\n5. Clicked ""View history"" to see the history of the page.\n6. Opened the last 2012 version.\n7. Added up the penguin species populations (39808770).\n8. Calculated the percentage (132 / 39808770 * 100% = 0.00033158%).\n9. Converted to scientific notation (3.3 x 10^-4%).', 'Number of steps': '9', 'How long did this take?': '15 minutes', 'Tools': '1. CSV file access\n2. Web browser\n3. Search engine\n4. Calculator (or use Excel)', 'Number of tools': '4'}"
bec74516-02fc-48dc-b202-55e78d0e17cf	What is the average number of pre-2020 works on the open researcher and contributor identification pages of the people whose identification is in this file?	3	26.4	data/gaia/validation/bec74516-02fc-48dc-b202-55e78d0e17cf.jsonld	/root/.cache/huggingface/hub/datasets--gaia-benchmark--GAIA/snapshots/897f2dfbb5c952b5c3c1509e648381f9c7b70316/2023/validation/bec74516-02fc-48dc-b202-55e78d0e17cf.jsonld	{'Steps': '1. Opened the JSONLD file.\n2. Opened each ORCID ID.\n3. Counted the works from pre-2022.\n4. Took the average: (54 + 61 + 1 + 16 + 0) / 5 = 132 / 5 = 26.4.', 'Number of steps': '4', 'How long did this take?': '15 minutes', 'Tools': '1. Web browser\n2. Search engine\n3. Calculator\n4. JSONLD file access', 'Number of tools': '4'}
